device_id,timestamp,temperature,vaccine_type,batch,duration_minutes,freeze_duration,heat_duration
160600190685,2024-09-25T00:00:00,4.1,UNKNOWN,UNKNOWN,1440,0,0
160600190685,2024-09-24T00:00:00,4.0,UNKNOWN,UNKNOWN,1440,0,0
160600190685,2024-09-23T00:00:00,4.0,UNKNOWN,UNKNOWN,1440,0,0
160600190685,2024-09-22T00:00:00,4.2,UNKNOWN,UNKNOWN,1440,0,0
160600190685,2024-09-21T00:00:00,4.0,UNKNOWN,UNKNOWN,1440,0,0
160600190685,2024-09-20T00:00:00,4.0,UNKNOWN,UNKNOWN,1440,0,0
160600190685,2024-09-19T00:00:00,4.2,UNKNOWN,UNKNOWN,1440,0,0
160600190685,2024-09-18T00:00:00,4.0,UNKNOWN,UNKNOWN,1440,0,0
160600190685,2024-09-17T00:00:00,4.1,UNKNOWN,UNKNOWN,1440,0,0
160600190685,2024-09-16T00:00:00,4.1,UNKNOWN,UNKNOWN,1440,0,0
160600190685,2024-09-15T00:00:00,4.1,UNKNOWN,UNKNOWN,1440,0,0
160600190685,2024-09-14T00:00:00,4.0,UNKNOWN,UNKNOWN,1440,0,0
160600190685,2024-09-13T00:00:00,4.0,UNKNOWN,UNKNOWN,1440,0,0
160600190685,2024-09-12T00:00:00,4.1,UNKNOWN,UNKNOWN,1440,0,0
160600190685,2024-09-11T00:00:00,4.0,UNKNOWN,UNKNOWN,1440,0,0
160600190685,2024-09-10T00:00:00,4.1,UNKNOWN,UNKNOWN,1440,0,0
160600190685,2024-09-09T00:00:00,3.9,UNKNOWN,UNKNOWN,1440,0,0
160600190685,2024-09-08T00:00:00,3.9,UNKNOWN,UNKNOWN,1440,0,0
160600190685,2024-09-07T00:00:00,3.9,UNKNOWN,UNKNOWN,1440,0,0
160600190685,2024-09-06T00:00:00,3.9,UNKNOWN,UNKNOWN,1440,0,0
160600190685,2024-09-05T00:00:00,3.9,UNKNOWN,UNKNOWN,1440,0,0
160600190685,2024-09-04T00:00:00,4.0,UNKNOWN,UNKNOWN,1440,0,0
160600190685,2024-09-03T00:00:00,3.9,UNKNOWN,UNKNOWN,1440,0,0
160600190685,2024-09-02T00:00:00,3.9,UNKNOWN,UNKNOWN,1440,0,0
160600190685,2024-09-01T00:00:00,3.9,UNKNOWN,UNKNOWN,1440,0,0
160600190685,2024-08-31T00:00:00,3.9,UNKNOWN,UNKNOWN,1440,0,0
160600190685,2024-08-30T00:00:00,3.9,UNKNOWN,UNKNOWN,1440,0,0
160600190685,2024-08-29T00:00:00,3.9,UNKNOWN,UNKNOWN,1440,0,0
160600190685,2024-08-28T00:00:00,4.0,UNKNOWN,UNKNOWN,1440,0,0
160600190685,2024-08-27T00:00:00,4.1,UNKNOWN,UNKNOWN,1440,0,0
160600190685,2024-08-26T00:00:00,4.3,UNKNOWN,UNKNOWN,1440,0,0
160600190685,2024-08-25T00:00:00,4.0,UNKNOWN,UNKNOWN,1440,0,0
160600190685,2024-08-24T00:00:00,4.0,UNKNOWN,UNKNOWN,1440,0,0
160600190685,2024-08-23T00:00:00,3.9,UNKNOWN,UNKNOWN,1440,0,0
160600190685,2024-08-22T00:00:00,4.0,UNKNOWN,UNKNOWN,1440,0,0
160600190685,2024-08-21T00:00:00,4.0,UNKNOWN,UNKNOWN,1440,0,0
160600190685,2024-08-20T00:00:00,3.9,UNKNOWN,UNKNOWN,1440,0,0
160600190685,2024-08-19T00:00:00,4.0,UNKNOWN,UNKNOWN,1440,0,0
160600190685,2024-08-18T00:00:00,4.3,UNKNOWN,UNKNOWN,1440,0,0
160600190685,2024-08-17T00:00:00,2.5,UNKNOWN,UNKNOWN,1440,0,0
160600190685,2024-08-16T00:00:00,2.6,UNKNOWN,UNKNOWN,1440,0,0
160600190685,2024-08-15T00:00:00,2.6,UNKNOWN,UNKNOWN,1440,0,0
160600190685,2024-08-14T00:00:00,2.8,UNKNOWN,UNKNOWN,1440,0,0
160600190685,2024-08-13T00:00:00,3.0,UNKNOWN,UNKNOWN,1440,0,0
160600190685,2024-08-12T00:00:00,2.9,UNKNOWN,UNKNOWN,1440,0,0
160600190685,2024-08-11T00:00:00,2.9,UNKNOWN,UNKNOWN,1440,0,0
160600190685,2024-08-10T00:00:00,2.7,UNKNOWN,UNKNOWN,1440,0,0
160600190685,2024-08-09T00:00:00,2.6,UNKNOWN,UNKNOWN,1440,0,0
160600190685,2024-08-08T00:00:00,2.8,UNKNOWN,UNKNOWN,1440,0,0
160600190685,2024-08-07T00:00:00,2.9,UNKNOWN,UNKNOWN,1440,0,0
160600190685,2024-08-06T00:00:00,2.8,UNKNOWN,UNKNOWN,1440,0,0
160600190685,2024-08-05T00:00:00,2.8,UNKNOWN,UNKNOWN,1440,0,0
160600190685,2024-08-04T00:00:00,3.8,UNKNOWN,UNKNOWN,1440,0,0
160600190685,2024-08-03T00:00:00,3.7,UNKNOWN,UNKNOWN,1440,0,0
160600190685,2024-08-02T00:00:00,3.0,UNKNOWN,UNKNOWN,1440,0,0
160600190685,2024-08-01T00:00:00,3.1,UNKNOWN,UNKNOWN,1440,0,0
160600190685,2024-07-31T00:00:00,3.7,UNKNOWN,UNKNOWN,1440,0,0
160600190685,2024-07-30T00:00:00,3.8,UNKNOWN,UNKNOWN,1440,0,0
160600190685,2024-07-29T00:00:00,3.4,UNKNOWN,UNKNOWN,1440,0,0
160600190685,2024-07-28T00:00:00,5.0,UNKNOWN,UNKNOWN,1440,0,0